{"cameraMode":{"drawMode":0,"name":"Shaded","section":"Shading Mode"},"sceneLighting":true,"audioPlay":false,"sceneViewState":{"m_AlwaysRefresh":false,"showFog":true,"showSkybox":true,"showFlares":true,"showImageEffects":true,"showParticleSystems":true,"showVisualEffectGraphs":true,"m_FxEnabled":true},"in2DMode":false,"pivot":{"x":0.24590206146240235,"y":18.359149932861329,"z":8.38168716430664},"rotation":{"x":-0.1520836502313614,"y":0.08941186219453812,"z":-0.013816122896969319,"w":-0.9842180013656616},"size":21.399580001831056,"orthographic":false}